A1;274,600.000;8,944,820.000;4,254.000
A2;274,610.000;8,944,820.000;4,254.000
A3;274,620.000;8,944,820.000;4,254.000
A4;274,630.000;8,944,820.000;4,254.000
A5;274,640.000;8,944,820.000;4,254.000
A6;274,650.000;8,944,820.000;4,254.000
A7;274,660.000;8,944,820.000;4,254.000
A8;274,670.000;8,944,820.000;4,254.000
A9;274,680.000;8,944,820.000;4,254.000
A10;274,690.000;8,944,820.000;4,254.000
A11;274,700.000;8,944,820.000;4,254.000
A12;274,710.000;8,944,820.000;4,254.000
A13;274,720.000;8,944,820.000;4,254.000
A14;274,730.000;8,944,820.000;4,254.000
A15;274,740.000;8,944,820.000;4,254.000
A16;274,750.000;8,944,820.000;4,254.000
A17;274,760.000;8,944,820.000;4,254.000
A18;274,770.000;8,944,820.000;4,254.000
A19;274,780.000;8,944,820.000;4,254.000
A20;274,790.000;8,944,820.000;4,254.000
A21;274,800.000;8,944,820.000;4,254.000
A22;274,810.000;8,944,820.000;4,254.000
A23;274,820.000;8,944,820.000;4,254.000
A24;274,830.000;8,944,820.000;4,254.000
A25;274,840.000;8,944,820.000;4,254.000
A26;274,850.000;8,944,820.000;4,254.000
A27;274,860.000;8,944,820.000;4,254.000
A28;274,870.000;8,944,820.000;4,254.000
A29;274,880.000;8,944,820.000;4,254.000
A30;274,890.000;8,944,820.000;4,254.000
A31;274,900.000;8,944,820.000;4,254.000
A32;274,910.000;8,944,820.000;4,254.000
B1;274,600.000;8,944,811.000;4,255.000
B2;274,610.000;8,944,811.000;4,255.000
B3;274,620.000;8,944,811.000;4,255.000
B4;274,630.000;8,944,811.000;4,255.000
B5;274,640.000;8,944,811.000;4,255.000
B6;274,650.000;8,944,811.000;4,255.000
B7;274,660.000;8,944,811.000;4,255.000
B8;274,670.000;8,944,811.000;4,255.000
B9;274,680.000;8,944,811.000;4,255.000
B10;274,690.000;8,944,811.000;4,255.000
B11;274,700.000;8,944,811.000;4,255.000
B12;274,710.000;8,944,811.000;4,255.000
B13;274,720.000;8,944,811.000;4,255.000
B14;274,730.000;8,944,811.000;4,255.000
B15;274,740.000;8,944,811.000;4,255.000
B16;274,750.000;8,944,811.000;4,255.000
B17;274,760.000;8,944,811.000;4,255.000
B18;274,770.000;8,944,811.000;4,255.000
B19;274,780.000;8,944,811.000;4,255.000
B20;274,790.000;8,944,811.000;4,255.000
B21;274,800.000;8,944,811.000;4,255.000
B22;274,810.000;8,944,811.000;4,255.000
B23;274,820.000;8,944,811.000;4,255.000
B24;274,830.000;8,944,811.000;4,255.000
B25;274,840.000;8,944,811.000;4,255.000
B26;274,850.000;8,944,811.000;4,255.000
B27;274,860.000;8,944,811.000;4,255.000
B28;274,870.000;8,944,811.000;4,255.000
B29;274,880.000;8,944,811.000;4,255.000
B30;274,890.000;8,944,811.000;4,255.000
B31;274,900.000;8,944,811.000;4,255.000
B32;274,910.000;8,944,811.000;4,255.000
C1;274,600.000;8,944,802.000;4,256.500
C2;274,610.000;8,944,802.000;4,256.500
C3;274,620.000;8,944,802.000;4,256.500
C4;274,630.000;8,944,802.000;4,256.500
C5;274,640.000;8,944,802.000;4,256.500
C6;274,650.000;8,944,802.000;4,256.500
C7;274,660.000;8,944,802.000;4,256.500
C8;274,670.000;8,944,802.000;4,256.500
C9;274,680.000;8,944,802.000;4,256.500
C10;274,690.000;8,944,802.000;4,256.500
C11;274,700.000;8,944,802.000;4,256.500
C12;274,710.000;8,944,802.000;4,256.500
C13;274,720.000;8,944,802.000;4,256.500
C14;274,730.000;8,944,802.000;4,256.500
C15;274,740.000;8,944,802.000;4,256.500
C16;274,750.000;8,944,802.000;4,256.500
C17;274,760.000;8,944,802.000;4,256.500
C18;274,770.000;8,944,802.000;4,256.500
C19;274,780.000;8,944,802.000;4,256.500
C20;274,790.000;8,944,802.000;4,256.500
C21;274,800.000;8,944,802.000;4,256.500
C22;274,810.000;8,944,802.000;4,256.500
C23;274,820.000;8,944,802.000;4,256.500
C24;274,830.000;8,944,802.000;4,256.500
C25;274,840.000;8,944,802.000;4,256.500
C26;274,850.000;8,944,802.000;4,256.500
C27;274,860.000;8,944,802.000;4,256.500
C28;274,870.000;8,944,802.000;4,256.500
C29;274,880.000;8,944,802.000;4,256.500
C30;274,890.000;8,944,802.000;4,256.500
C31;274,900.000;8,944,802.000;4,256.500
C32;274,910.000;8,944,802.000;4,256.500
BF1;274,600.000;8,944,798.500;4,257.000
BF2;274,604.000;8,944,798.500;4,257.000
BF3;274,608.000;8,944,798.500;4,257.000
BF4;274,612.000;8,944,798.500;4,257.000
BF5;274,616.000;8,944,798.500;4,257.000
BF6;274,620.000;8,944,798.500;4,257.000
BF7;274,624.000;8,944,798.500;4,257.000
BF8;274,628.000;8,944,798.500;4,257.000
BF9;274,632.000;8,944,798.500;4,257.000
BF10;274,636.000;8,944,798.500;4,257.000
BF11;274,640.000;8,944,798.500;4,257.000
BF12;274,644.000;8,944,798.500;4,257.000
BF13;274,648.000;8,944,798.500;4,257.000
BF14;274,652.000;8,944,798.500;4,257.000
BF15;274,656.000;8,944,798.500;4,257.000
BF16;274,660.000;8,944,798.500;4,257.000
BF17;274,664.000;8,944,798.500;4,257.000
BF18;274,668.000;8,944,798.500;4,257.000
BF19;274,672.000;8,944,798.500;4,257.000
BF20;274,676.000;8,944,798.500;4,257.000
BF21;274,680.000;8,944,798.500;4,257.000
BF22;274,684.000;8,944,798.500;4,257.000
BF23;274,688.000;8,944,798.500;4,257.000
BF24;274,692.000;8,944,798.500;4,257.000
BF25;274,696.000;8,944,798.500;4,257.000
BF26;274,700.000;8,944,798.500;4,257.000
BF27;274,704.000;8,944,798.500;4,257.000
BF28;274,708.000;8,944,798.500;4,257.000
BF29;274,600.000;8,944,795.000;4,257.000
BF30;274,604.000;8,944,795.000;4,257.000
BF31;274,608.000;8,944,795.000;4,257.000
BF32;274,612.000;8,944,795.000;4,257.000
BF33;274,616.000;8,944,795.000;4,257.000
BF34;274,620.000;8,944,795.000;4,257.000
BF35;274,624.000;8,944,795.000;4,257.000
BF36;274,628.000;8,944,795.000;4,257.000
BF37;274,632.000;8,944,795.000;4,257.000
BF38;274,636.000;8,944,795.000;4,257.000
BF39;274,640.000;8,944,795.000;4,257.000
BF40;274,644.000;8,944,795.000;4,257.000
BF41;274,648.000;8,944,795.000;4,257.000
BF42;274,652.000;8,944,795.000;4,257.000
BF43;274,656.000;8,944,795.000;4,257.000
BF44;274,660.000;8,944,795.000;4,257.000
BF45;274,664.000;8,944,795.000;4,257.000
BF46;274,668.000;8,944,795.000;4,257.000
BF47;274,672.000;8,944,795.000;4,257.000
BF48;274,676.000;8,944,795.000;4,257.000
BF49;274,680.000;8,944,795.000;4,257.000
BF50;274,684.000;8,944,795.000;4,257.000
BF51;274,688.000;8,944,795.000;4,257.000
BF52;274,692.000;8,944,795.000;4,257.000
BF53;274,696.000;8,944,795.000;4,257.000
BF54;274,700.000;8,944,795.000;4,257.000
BF55;274,704.000;8,944,795.000;4,257.000
BF56;274,708.000;8,944,795.000;4,257.000
BF57;274,600.000;8,944,791.500;4,257.000
BF58;274,604.000;8,944,791.500;4,257.000
BF59;274,608.000;8,944,791.500;4,257.000
BF60;274,612.000;8,944,791.500;4,257.000
BF61;274,616.000;8,944,791.500;4,257.000
BF62;274,620.000;8,944,791.500;4,257.000
BF63;274,624.000;8,944,791.500;4,257.000
BF64;274,628.000;8,944,791.500;4,257.000
BF65;274,632.000;8,944,791.500;4,257.000
BF66;274,636.000;8,944,791.500;4,257.000
BF67;274,640.000;8,944,791.500;4,257.000
BF68;274,644.000;8,944,791.500;4,257.000
BF69;274,648.000;8,944,791.500;4,257.000
BF70;274,652.000;8,944,791.500;4,257.000
BF71;274,656.000;8,944,791.500;4,257.000
BF72;274,660.000;8,944,791.500;4,257.000
BF73;274,664.000;8,944,791.500;4,257.000
BF74;274,668.000;8,944,791.500;4,257.000
BF75;274,672.000;8,944,791.500;4,257.000
BF76;274,676.000;8,944,791.500;4,257.000
BF77;274,680.000;8,944,791.500;4,257.000
BF78;274,684.000;8,944,791.500;4,257.000
BF79;274,688.000;8,944,791.500;4,257.000
BF80;274,692.000;8,944,791.500;4,257.000
BF81;274,696.000;8,944,791.500;4,257.000
BF82;274,700.000;8,944,791.500;4,257.000
BF83;274,704.000;8,944,791.500;4,257.000
BF84;274,708.000;8,944,791.500;4,257.000
